entityId1,entityId2
2333,31
5109,1529
2952,1909
2683,6278
2986,1136
2649,5005
3395,4055
4852,2376
2858,3563
1557,7574
3114,6893
3796,4008
262,1949
3159,1593
602,6500
1766,4567
4469,7081
2660,4
3560,607
3172,6653
3778,5036
4823,6838
576,2520
1196,4780
3502,3369
989,7628
1769,1807
3236,5449
1618,8
2185,6664
2760,3533
1576,6015
3881,4699
4827,6515
2708,5803
2171,3742
276,807
1435,3388
5056,1380
806,2349
203,4822
4560,6154
2887,3236
3708,3152
3592,17
2864,7673
4255,4381
1365,3073
312,6029
1814,6764
2748,2494
3922,3840
1548,1745
1420,560
4530,6153
2598,7236
2132,383
813,3836
2893,711
115,332
3955,6772
2245,3769
5059,1157
4570,5361
4251,4733
4486,6190
559,3968
83,5044
2634,5832
3399,163
1201,1887
486,6421
4425,6693
3825,5772
1895,7786
510,4436
3678,3154
255,1024
217,3709
3381,5756
4625,2382
977,4592
2981,3679
1907,1139
1219,2464
1354,6076
3775,5362
3326,6240
3037,1074
2794,7388
2917,6939
3743,303
4211,6044
4246,1581
1409,3087
4076,7500
829,6174
2814,1653
2545,3007
4608,203
5033,3352
1212,7647
821,4793
250,7622
2485,3895
644,7690
1112,3166
698,5255
1640,307
631,2627
4190,3702
4944,5090
1288,4950
1694,2460
1958,6690
3197,589
1800,5467
1015,7620
3009,3424
1564,5061
3380,7458
220,1927
3704,5139
339,242
2770,752
3257,1765
4936,3247
2423,7496
767,7255
2924,728
2524,4782
828,2671
2099,5244
4690,3662
1351,5899
4922,790
3111,3175
1454,3964
2468,3303
4972,746
1006,5869
1783,1242
2263,5987
931,278
2966,4975
4371,1485
736,5752
4778,2517
3972,3399
4231,2874
2477,4610
3150,4532
1786,2578
2867,5495
618,1218
3250,2378
4641,7270
4004,3277
1962,260
1168,7245
64,4196
2220,5946
1859,4716
4809,6094
3648,5731
2704,2646
2776,4390
4333,4657
522,2292
1634,4206
4208,7651
4428,5945
4798,3907
492,4953
1253,3390
3939,1634
3357,1697
4141,5189
4319,3768
1432,2716
439,6320
3988,1513
369,5087
555,6932
4071,2819
2788,5910
1317,4072
2633,2392
2682,1376
8,1142
2606,7685
2780,4536
1489,42
898,98
1960,923
2732,5415
3867,6484
3993,1105
4213,4388
1996,969
1838,4907
2002,6621
3688,4955
546,4589
3841,7728
3984,2915
896,115
2753,4748
3701,4872
2534,4489
302,6412
500,7436
4614,6911
2964,7731
3721,7314
3901,700
4979,6371
4860,6988
1776,5988
1147,3864
1281,2017
4596,226
600,7340
4613,7016
3987,2703
3755,2452
2353,167
4937,3718
2799,1931
1453,4131
4415,2969
2108,3013
1003,7638
2930,4426
3573,3230
2668,5686
2734,3238
1459,647
3908,1078
3871,3070
2156,5186
1223,3725
2651,972
162,1684
4525,3129
69,1213
1563,1160
1092,2327
1592,3947
4499,1189
4135,3713
3574,4232
1712,6167
426,5423
5086,2602
4807,4295
1851,2822
520,1720
2101,6646
4349,2447
1699,4216
3535,2321
3047,4978
667,6888
3575,4163
932,5376
4052,5532
139,5660
4179,7276
3453,932
4637,1071
1272,2794
2162,5692
2042,6467
2125,570
1118,5340
1488,2247
1266,3302
3726,2855
4397,3526
4276,6360
4898,6031
773,7356
2968,236
2062,6869
1696,3419
3137,1618
1865,5775
3447,2512
2743,2532
1555,1848
2712,5108
1984,2136
2819,7534
2801,1817
455,3038
1686,2213
1021,7264
2378,6217
1087,5882
3995,3075
4057,5127
114,7762
2766,6855
1055,6494
4199,2525
1889,758
1131,7320
737,2171
734,7508
1251,471
2602,4013
260,804
2274,4615
3061,6946
3546,453
2547,6540
1145,5182
1973,7076
2364,4364
168,7387
1478,6219
589,7262
2403,3178
5090,2328
2771,308
4661,4183
1065,2580
2657,4622
2498,378
1045,5305
1775,7136
2039,6768
3121,6009
2256,3093
686,3319
183,4169
4390,6200
3164,2451
4365,4193
4890,2561
4463,4251
487,5508
3222,4853
4029,6438
1173,6984
3351,1283
4,6738
4550,5229
1701,3065
4479,883
1129,3434
4703,6860
4099,2683
1404,106
4028,6527
2196,6049
2730,7776
4811,7113
227,5641
3951,6784
2479,2081
2681,6765
616,2176
3325,5588
453,3271
82,7588
1504,3140
1598,2445
495,4028
3435,2612
2585,390
2054,5705
5,6725
5076,2536
3508,1757
1730,6913
4883,6265
2963,1938
2214,7700
2967,5560
4930,2516
651,4312
3241,3299
1264,5742
1884,279
3466,1010
2980,537
3725,7225
4121,3986
1921,4464
1880,4705
1933,3324
434,5010
2954,1580
1315,7512
1700,2329
1856,6705
4405,7046
550,7674
199,7025
779,2853
2650,5409
633,1724
2267,6326
1242,7580
3471,1698
182,1207
4949,958
1855,2706
982,4441
1475,2581
1162,4941
2587,4348
3256,4260
3194,127
2690,6037
1809,1493
884,3437
2549,5453
4914,1821
3098,1961
527,1253
2146,2193
2175,4840
1202,2573
346,2091
4124,767
3235,3820
1781,3829
3649,3341
4996,5111
645,5963
789,5196
3689,953
2052,1822
2895,2435
3511,3449
1258,6284
3451,5438
3586,5412
4629,2973
1580,3036
3999,1853
1109,2276
3491,6221
3307,1947
288,2833
3186,2864
2430,7160
3393,7268
1537,4568
1369,3063
4109,1088
4036,4004
1836,3220
2752,1073
1659,6734
4173,5852
4743,5806
3879,6801
2576,3234
1892,779
1772,5551
4066,6547
4660,408
4268,7284
1864,5004
1995,6571
3367,6290
1531,3971
677,1274
3797,3368
5054,6477
1899,202
4601,120
643,1898
3254,2430
4565,7205
1115,7782
3148,983
2053,2710
1277,479
1812,5377
1767,3927
4678,4920
3175,4892
2672,2541
4679,2789
4396,3904
2619,4894
3697,6482
2038,971
4991,528
3614,3133
3859,3426
3763,2106
2170,6250
4303,5493
1346,2021
3136,3890
2589,6450
3812,6241
5073,4910
3303,2485
1647,5709
2503,7288
4356,1104
619,7069
77,1795
2645,5901
4009,129
2596,5716
1891,907
4254,2319
5044,5281
2154,3654
2282,6255
4923,5083
2795,5750
4708,7646
2056,3430
2450,7755
1747,5608
3657,5712
1216,5735
2348,4877
271,37
859,2601
125,3023
4978,4626
2652,1241
4288,1556
3985,5122
2022,281
509,1873
3945,249
1025,7261
4027,2739
2133,7292
3911,7332
4064,5811
2996,5296
3884,7528
1731,4897
3096,1102
1344,5358
4202,511
92,4672
2026,4054
4858,3407
3006,2423
5097,1068
554,6333
1530,4106
228,5831
2961,5213
4250,5667
3441,3348
791,5097
2136,2957
4959,231
1143,4555
3635,7562
1334,51
1246,6249
2122,2078
4683,2657
1169,2402
2377,7537
127,3985
2494,977
3363,3525
2371,4102
3754,2898
2080,1467
882,6858
2284,4074
683,688
116,805
2901,4070
3206,6324
1228,671
5013,4905
1032,6537
189,891
138,6067
679,7166
2848,5478
4906,5593
2674,7467
3534,3843
1458,5051
2861,141
4901,7120
2426,484
3474,2521
2142,6736
2120,5405
117,6718
3287,5915
4984,5271
5100,6824
3597,658
2167,1508
1658,3744
2938,4158
3684,6669
1684,7730
1604,2245
3671,7751
4326,3491
833,6852
4573,2695
4818,6933
3785,4627
4041,1811
4948,6402
4551,4537
1124,212
1835,4684
1364,2824
3133,1407
4493,1169
2268,5613
1919,3870
2121,3488
4663,3446
595,5224
3661,4704
3318,401
4394,5299
1614,2572
2219,7658
2613,3627
690,5547
1368,6618
5113,936
5040,4550
2172,3377
340,5516
2459,36
654,4025
716,3398
2259,2307
4757,1371
4600,519
2453,2593
3348,2030
1977,2744
4178,726
2315,1760
3698,1659
1688,557
649,6479
2804,4184
3547,3954
4058,2066
5029,1792
3459,1025
4270,871
295,1496
4002,593
2653,2388
5048,1818
2907,3834
158,2168
3335,3126
2983,7339
1028,54
2313,3997
4928,1547
3456,3330
3408,2782
3779,3144
27,2808
735,3899
3251,6022
4061,3865
886,3659
843,2697
2509,4124
2575,2271
1434,7331
3449,7563
352,885
2410,2105
292,5373
4545,1036
2365,7404
672,956
4729,3699
5024,6334
4289,3342
2927,2206
1655,4939
2774,4666
2803,3830
3149,4266
4097,7504
5068,2197
5101,4045
4069,3222
567,7632
4682,1466
1873,5738
2541,1015
854,208
1467,12
1974,1457
2866,661
3193,635
4869,4362
4892,2977
2920,2295
390,3905
1371,4401
1245,6672
1932,367
4725,4548
786,1282
357,4601
2275,4621
4510,3973
1657,4763
2919,2906
4487,1306
157,727
1735,339
3751,3476
2168,5331
4301,6979
4311,3603
3777,5428
2131,6383
3073,6510
1850,1033
1570,194
3495,5778
4392,1482
4768,459
1412,1023
4666,6148
1067,1769
2706,5002
2204,5708
2798,3516
4854,2849
3786,7526
4154,7699
4013,7123
955,844
2994,7734
3157,361
1442,1394
3470,3049
3813,5300
4588,375
2998,3321
2467,302
4513,4558
2399,5944
3169,5521
3857,1674
2359,7220
4436,720
4826,5214
173,6393
1267,1610
2985,330
1511,1839
2226,1885
4643,1978
2817,6090
3280,4526
3116,1756
3097,5374
79,1921
2425,5860
1619,1077
2079,1815
4793,5932
481,1328
4327,1598
246,6499
2153,5916
3598,4761
2422,6122
3002,991
3643,5128
4997,3338
2343,6543
392,544
2520,2094
2287,962
405,1520
2249,4114
3434,2025
3924,267
2150,4150
2631,1087
874,1515
1887,7553
3366,5625
4146,277
2271,2315
5095,1390
3588,1544
764,2470
1997,4581
2015,7180
2914,154
4454,1351
1797,2750
2898,3531
1043,5948
1114,61
3817,3039
948,5652
4132,3527
310,5369
1750,4631
3681,4105
247,364
224,2275
1275,3111
778,4491
1561,1905
1121,1733
3990,43
3904,6093
2085,5687
3286,1127
2240,6985
1142,4084
4992,4940
1392,1600
3732,65
345,5618
2147,372
2837,625
2009,627
151,2205
22,798
3215,890
3267,1630
411,7424
1148,2462
3415,5730
4393,6650
4776,350
112,5446
887,6833
1517,4608
341,4870
3998,2567
1885,4783
3021,1570
929,3349
3411,3050
2397,125
918,165
5106,5723
3014,4212
1445,5581
1186,7510
1780,4235
2124,428
1262,5298
123,455
1847,7033
3971,7788
290,929
1572,3239
4420,7386
582,5368
170,6972
837,1673
3529,4480
1093,6138
3426,5918
2031,1845
3131,826
1608,3214
819,6186
5071,7740
1768,174
3458,6289
670,6441
663,3831
608,7318
1009,6975
852,6576
5028,7048
3103,1110
3594,2226
1161,333
221,6856
1297,6512
1224,1246
885,2946
3580,5444
1397,7378
1648,5156
2751,6661
2393,6630
1353,3020
2721,970
5001,5210
2368,2741
4324,1043
1624,6974
2470,2471
604,4645
4086,7437
4164,1135
4034,6679
1562,5979
4964,6415
3764,420
5041,1899
1059,6949
3699,3761
118,910
2001,449
3741,6419
3181,2686
545,2510
701,4790
4098,306
3682,193
2692,1327
2597,2009
2510,7353
3696,6069
186,7560
1102,1340
1877,7538
1937,3540
4222,6581
3808,2916
3961,3478
3230,6998
2303,7007
1305,698
1399,3320
2201,1134
3525,4852
494,613
2157,4792
1326,3056
266,3158
241,6125
4820,3879
298,502
1677,5719
743,6404
1840,3586
2809,5969
760,4993
3422,7448
3837,516
1460,6288
4630,5487
5105,1778
3419,3439
2418,6821
1593,6555
4920,3782
1209,2725
2608,132
4746,3888
5092,6062
2395,1432
1384,2359
52,2500
4402,2792
1915,1292
4373,4299
4359,215
1076,3351
4995,1834
523,7311
3082,697
2670,2297
2746,984
2109,1583
4577,5821
3305,1693
187,3414
4747,3994
4389,3874
3937,5515
960,2930
881,4230
4122,4494
4932,5034
4702,6579
4866,2134
3299,1305
66,2248
3293,7775
3861,3810
4987,5450
1403,6944
2149,2555
480,6799
2329,1766
3306,2785
569,3508
4783,4935
4833,5067
1931,7203
1662,1835
4521,2288
2889,1418
934,2872
2552,1879
3289,5082
4740,4420
845,201
2246,1542
1782,6215
656,1551
3543,2443
2662,6905
2529,5844
4361,4179
2669,6325
853,5684
149,3568
2675,1731
2428,1940
3345,2489
5043,5903
4946,1836
3174,4406
477,1902
2857,3202
2810,3893
4386,7179
2506,7760
2504,628
4368,494
1670,3416
3067,1004
1675,6927
4185,1523
4072,1559
2118,4973
91,3404
4093,3912
2087,7550
2174,6644
1474,4202
1988,1436
2906,1187
1038,7627
4150,2209
862,7006
2851,6651
4763,2540
152,6546
3653,3582
348,4444
1091,290
798,930
3506,6517
3005,7319
2805,6378
4384,4347
2922,4860
