id,entityId1,entityId2
0,2851,6651
1,4763,2540
2,3653,3582
3,348,4444
4,798,930
5,3506,6517
6,2805,6378
7,522,2292
8,4384,4347
9,1634,4206
10,2922,4860
11,4208,7651
12,5109,1529
13,1121,1733
14,2683,6278
15,2085,5687
16,2649,5005
17,1142,4084
18,4852,2376
19,3732,65
20,1557,7574
21,2837,625
22,3796,4008
23,22,798
24,1701,3065
25,3159,1593
26,411,7424
27,1766,4567
28,4393,6650
29,2660,4
30,887,6833
31,3172,6653
32,3998,2567
33,4823,6838
34,929,3349
35,1129,3434
36,1196,4780
37,918,165
38,989,7628
39,1445,5581
40,3236,5449
41,2124,428
42,2185,6664
43,1847,7033
44,1576,6015
45,1572,3239
46,4099,2683
47,4827,6515
48,170,6972
49,2171,3742
50,1093,6138
51,1435,3388
52,3131,826
53,806,2349
54,5071,7740
55,4560,6154
56,670,6441
57,4028,6527
58,3708,3152
59,1009,6975
60,2864,7673
61,3103,1110
62,1365,3073
63,221,6856
64,1814,6764
65,885,2946
66,3922,3840
67,1648,5156
68,2730,7776
69,1420,560
70,1353,3020
71,2598,7236
72,2368,2741
73,813,3836
74,2470,2471
75,115,332
76,4164,1135
77,2245,3769
78,4964,6415
79,3951,6784
80,4570,5361
81,1059,6949
82,4486,6190
83,2001,449
84,83,5044
85,545,2510
86,3399,163
87,3682,193
88,486,6421
89,2510,7353
90,1253,3390
91,3825,5772
92,1102,1340
93,510,4436
94,4222,6581
95,255,1024
96,3230,6998
97,3381,5756
98,1399,3320
99,977,4592
100,494,613
101,3939,1634
102,1907,1139
103,266,3158
104,1354,6076
105,298,502
106,3326,6240
107,1840,3586
108,2794,7388
109,3422,7448
110,3743,303
111,4630,5487
112,369,5087
113,4246,1581
114,2418,6821
115,4076,7500
116,1209,2725
117,2814,1653
118,5092,6062
119,4608,203
120,52,2500
121,1212,7647
122,4373,4299
123,898,98
124,250,7622
125,4995,1834
126,644,7690
127,2670,2297
128,698,5255
129,4577,5821
130,631,2627
131,4747,3994
132,4944,5090
133,960,2930
134,3841,7728
135,1694,2460
136,4932,5034
137,3197,589
138,3299,1305
139,1015,7620
140,3861,3810
141,1564,5061
142,2149,2555
143,220,1927
144,3306,2785
145,3901,700
146,339,242
147,4833,5067
148,3257,1765
149,4521,2288
150,2423,7496
151,2552,1879
152,2924,728
153,845,201
154,828,2671
155,656,1551
156,2353,167
157,4690,3662
158,2529,5844
159,4922,790
160,853,5684
161,1454,3964
162,2428,1940
163,4972,746
164,4946,1836
165,1783,1242
166,2857,3202
167,1459,647
168,931,278
169,2506,7760
170,4371,1485
171,1670,3416
172,4778,2517
173,4185,1523
174,4231,2874
175,91,3404
176,3150,4532
177,2174,6644
178,1592,3947
179,2867,5495
180,2906,1187
181,3250,2378
182,862,7006
183,152,6546
184,1091,290
185,4349,2447
186,3005,7319
187,4428,5945
188,4798,3907
189,492,4953
190,4141,5189
191,4637,1071
192,1432,2716
193,3988,1513
194,4071,2819
195,1317,4072
196,2682,1376
197,4898,6031
198,2606,7685
199,1489,42
200,2732,5415
201,3993,1105
202,1996,969
203,1984,2136
204,2002,6621
205,546,4589
206,896,115
207,3701,4872
208,302,6412
209,2766,6855
210,4614,6911
211,3721,7314
212,4860,6988
213,1147,3864
214,4596,226
215,3061,6946
216,4613,7016
217,3755,2452
218,2799,1931
219,4415,2969
220,1003,7638
221,2771,308
222,3573,3230
223,2734,3238
224,3871,3070
225,1223,3725
226,162,1684
227,183,4169
228,69,1213
229,1092,2327
230,4135,3713
231,1712,6167
232,5086,2602
233,4,6738
234,1851,2822
235,2101,6646
236,3535,2321
237,667,6888
238,932,5376
239,4811,7113
240,139,5660
241,3453,932
242,2162,5692
243,2125,570
244,1488,2247
245,3726,2855
246,4276,6360
247,2968,236
248,1696,3419
249,1865,5775
250,2743,2532
251,2712,5108
252,2801,1817
253,1686,2213
254,2378,6217
255,3995,3075
256,114,7762
257,4199,2525
258,1131,7320
259,734,7508
260,2602,4013
261,2274,4615
262,2547,6540
263,1973,7076
264,168,7387
265,589,7262
266,5090,2328
267,1065,2580
268,2498,378
269,1775,7136
270,3121,6009
271,686,3319
272,3164,2451
273,4890,2561
274,487,5508
275,4029,6438
276,3351,1283
277,786,1282
278,2426,484
279,4004,3277
280,4270,871
281,2120,5405
282,1168,7245
283,1657,4763
284,4984,5271
285,2220,5946
286,843,2697
287,2167,1508
288,4809,6094
289,4487,1306
290,3684,6669
291,2704,2646
292,1655,4939
293,3671,7751
294,4333,4657
295,2479,2081
296,2333,31
297,3357,1697
298,3325,5588
299,2952,1909
300,4319,3768
301,1504,3140
302,2986,1136
303,439,6320
304,3435,2612
305,3395,4055
306,555,6932
307,5,6725
308,2858,3563
309,2788,5910
310,1730,6913
311,3114,6893
312,2633,2392
313,2214,7700
314,262,1949
315,8,1142
316,651,4312
317,602,6500
318,2780,4536
319,1884,279
320,4469,7081
321,1960,923
322,3725,7225
323,3560,607
324,3867,6484
325,1880,4705
326,3778,5036
327,4213,4388
328,2954,1580
329,576,2520
330,1838,4907
331,1856,6705
332,3502,3369
333,3688,4955
334,199,7025
335,1769,1807
336,3984,2915
337,633,1724
338,1618,8
339,2753,4748
340,3471,1698
341,2760,3533
342,2534,4489
343,1855,2706
344,3881,4699
345,500,7436
346,1162,4941
347,2708,5803
348,2964,7731
349,3194,127
350,276,807
351,4979,6371
352,884,3437
353,5056,1380
354,1776,5988
355,3098,1961
356,203,4822
357,1281,2017
358,2175,4840
359,2887,3236
360,600,7340
361,4124,767
362,3592,17
363,3987,2703
364,3649,3341
365,4255,4381
366,4937,3718
367,789,5196
368,312,6029
369,1453,4131
370,2895,2435
371,2748,2494
372,2108,3013
373,3451,5438
374,1548,1745
375,2930,4426
376,1580,3036
377,4530,6153
378,2668,5686
379,3491,6221
380,2132,383
381,3908,1078
382,3186,2864
383,2893,711
384,2156,5186
385,1537,4568
386,3955,6772
387,2651,972
388,4036,4004
389,5059,1157
390,4525,3129
391,1659,6734
392,4251,4733
393,1563,1160
394,3879,6801
395,559,3968
396,4499,1189
397,1772,5551
398,2634,5832
399,3574,4232
400,4268,7284
401,1201,1887
402,426,5423
403,3367,6290
404,4425,6693
405,4807,4295
406,3797,3368
407,1895,7786
408,520,1720
409,4601,120
410,3678,3154
411,1699,4216
412,4565,7205
413,217,3709
414,3047,4978
415,2053,2710
416,4625,2382
417,3575,4163
418,1767,3927
419,2981,3679
420,4052,5532
421,2672,2541
422,1219,2464
423,4179,7276
424,2619,4894
425,3775,5362
426,1272,2794
427,4991,528
428,3037,1074
429,2042,6467
430,3763,2106
431,2917,6939
432,1118,5340
433,1346,2021
434,4211,6044
435,1266,3302
436,3812,6241
437,1409,3087
438,4397,3526
439,1647,5709
440,829,6174
441,773,7356
442,619,7069
443,2545,3007
444,2062,6869
445,4009,129
446,5033,3352
447,3137,1618
448,4254,2319
449,821,4793
450,3447,2512
451,2282,6255
452,2485,3895
453,1555,1848
454,4708,7646
455,1112,3166
456,2819,7534
457,1747,5608
458,1640,307
459,455,3038
460,2348,4877
461,4190,3702
462,1021,7264
463,125,3023
464,1288,4950
465,1087,5882
466,4288,1556
467,1958,6690
468,4057,5127
469,509,1873
470,1800,5467
471,1055,6494
472,4027,2739
473,3009,3424
474,1889,758
475,4064,5811
476,3380,7458
477,737,2171
478,1731,4897
479,3704,5139
480,1251,471
481,4202,511
482,2770,752
483,260,804
484,4858,3407
485,4936,3247
486,3546,453
487,554,6333
488,767,7255
489,1145,5182
490,2961,5213
491,2524,4782
492,2364,4364
493,791,5097
494,2099,5244
495,1478,6219
496,1143,4555
497,1351,5899
498,2403,3178
499,1246,6249
500,3111,3175
501,4661,4183
502,1169,2402
503,2468,3303
504,2657,4622
505,2494,977
506,1006,5869
507,1045,5305
508,3754,2898
509,2263,5987
510,2039,6768
511,2284,4074
512,2966,4975
513,2256,3093
514,2901,4070
515,736,5752
516,4390,6200
517,5013,4905
518,3972,3399
519,4365,4193
520,138,6067
521,2477,4610
522,4463,4251
523,4906,5593
524,1786,2578
525,3222,4853
526,1458,5051
527,618,1218
528,1173,6984
529,4550,5229
530,4479,883
531,4703,6860
532,1404,106
533,2196,6049
534,227,5641
535,2681,6765
536,453,3271
537,1598,2445
538,2585,390
539,5076,2536
540,4883,6265
541,2967,5560
542,3241,3299
543,3466,1010
544,4121,3986
545,1933,3324
546,1315,7512
547,4405,7046
548,779,2853
549,2267,6326
550,182,1207
551,982,4441
552,2587,4348
553,2690,6037
554,2549,5453
555,527,1253
556,1202,2573
557,3235,3820
558,4996,5111
559,5040,4550
560,3689,953
561,158,2168
562,3511,3449
563,4729,3699
564,3586,5412
565,2983,7339
566,3999,1853
567,4311,3603
568,3307,1947
569,4002,593
570,2430,7160
571,1369,3063
572,2168,5331
573,1836,3220
574,4173,5852
575,1467,12
576,2576,3234
577,654,4025
578,4066,6547
579,1864,5004
580,3495,5778
581,1531,3971
582,5054,6477
583,643,1898
584,4757,1371
585,1115,7782
586,4682,1466
587,1277,479
588,3408,2782
589,4678,4920
590,649,6479
591,4679,2789
592,2365,7404
593,3697,6482
594,2275,4621
595,3614,3133
596,2170,6250
597,3136,3890
598,4869,4362
599,5073,4910
600,2503,7288
601,5068,2197
602,77,1795
603,2596,5716
604,2575,2271
605,5044,5281
606,3449,7563
607,4923,5083
608,2056,3430
609,2803,3830
610,3657,5712
611,271,37
612,5048,1818
613,4978,4626
614,4289,3342
615,3985,5122
616,27,2808
617,3945,249
618,4768,459
619,2133,7292
620,2996,5296
621,3096,1102
622,2920,2295
623,92,4672
624,3006,2423
625,4928,1547
626,1530,4106
627,340,5516
628,4250,5667
629,2136,2957
630,1735,339
631,3635,7562
632,292,5373
633,2122,2078
634,1977,2744
635,2377,7537
636,2131,6383
637,3363,3525
638,4061,3865
639,2080,1467
640,2541,1015
641,683,688
642,4058,2066
643,3206,6324
644,1932,367
645,1032,6537
646,2866,661
647,679,7166
648,1850,1033
649,2674,7467
650,4069,3222
651,2861,141
652,3474,2521
653,117,6718
654,5100,6824
655,1658,3744
656,1684,7730
657,4326,3491
658,616,2176
659,82,7588
660,495,4028
661,2054,5705
662,3508,1757
663,2963,1938
664,4930,2516
665,1264,5742
666,2980,537
667,1921,4464
668,434,5010
669,1700,2329
670,550,7674
671,2650,5409
672,1242,7580
673,4949,958
674,1475,2581
675,3256,4260
676,1809,1493
677,4914,1821
678,2146,2193
679,2087,7550
680,346,2091
681,1781,3829
682,645,5963
683,2052,1822
684,1258,6284
685,1988,1436
686,4629,2973
687,1109,2276
688,288,2833
689,3393,7268
690,4109,1088
691,4150,2209
692,2752,1073
693,4743,5806
694,1892,779
695,4660,408
696,1995,6571
697,677,1274
698,1899,202
699,3254,2430
700,3148,983
701,1812,5377
702,3175,4892
703,4396,3904
704,2038,971
705,3859,3426
706,4303,5493
707,2589,6450
708,3303,2485
709,4356,1104
710,2645,5901
711,1891,907
712,2154,3654
713,2795,5750
714,2450,7755
715,1216,5735
716,859,2601
717,2652,1241
718,2022,281
719,1025,7261
720,3911,7332
721,3884,7528
722,1344,5358
723,2026,4054
724,5097,1068
725,228,5831
726,3441,3348
727,4959,231
728,1334,51
729,4683,2657
730,127,3985
731,2371,4102
732,882,6858
733,116,805
734,1228,671
735,189,891
736,2848,5478
737,3534,3843
738,4901,7120
739,4641,7270
740,1962,260
741,64,4196
742,1859,4716
743,3648,5731
744,2776,4390
745,4573,2695
746,4818,6933
747,3785,4627
748,4041,1811
749,4948,6402
750,4551,4537
751,1124,212
752,1835,4684
753,1364,2824
754,3133,1407
755,4493,1169
756,2268,5613
757,1919,3870
758,2121,3488
759,4663,3446
760,595,5224
761,3661,4704
762,3318,401
763,4394,5299
764,1614,2572
765,2219,7658
766,2613,3627
767,690,5547
768,1368,6618
769,5113,936
770,2172,3377
771,2459,36
772,716,3398
773,2259,2307
774,4600,519
775,2453,2593
776,3348,2030
777,4178,726
778,2315,1760
779,3698,1659
780,1688,557
781,2804,4184
782,3547,3954
783,5029,1792
784,3459,1025
785,295,1496
786,2653,2388
787,2907,3834
788,3335,3126
789,1028,54
790,2313,3997
791,3456,3330
792,3779,3144
793,735,3899
794,3251,6022
795,886,3659
796,2509,4124
797,1434,7331
798,352,885
799,2410,2105
800,4545,1036
801,672,956
802,5024,6334
803,2927,2206
804,2774,4666
805,3149,4266
806,4097,7504
807,5101,4045
808,567,7632
809,1873,5738
810,854,208
811,1974,1457
812,3193,635
813,4892,2977
814,390,3905
815,1371,4401
816,1245,6672
817,4725,4548
818,357,4601
819,4510,3973
820,2919,2906
821,157,727
822,3751,3476
823,2142,6736
824,3287,5915
825,3597,658
826,2938,4158
827,1604,2245
828,833,6852
829,4666,6148
830,1067,1769
831,2706,5002
832,2204,5708
833,2798,3516
834,4854,2849
835,3786,7526
836,4154,7699
837,4013,7123
838,955,844
839,2994,7734
840,3157,361
841,1442,1394
842,3470,3049
843,3813,5300
844,4588,375
845,2998,3321
846,2467,302
847,4513,4558
848,2399,5944
849,3169,5521
850,3857,1674
851,2359,7220
852,4436,720
853,4826,5214
854,173,6393
855,1267,1610
856,2985,330
857,1511,1839
858,2226,1885
859,4643,1978
860,2817,6090
861,3280,4526
862,3116,1756
863,3097,5374
864,79,1921
865,2425,5860
866,1619,1077
867,2079,1815
868,4793,5932
869,481,1328
870,4327,1598
871,246,6499
872,2153,5916
873,3598,4761
874,2422,6122
875,3002,991
876,3643,5128
877,4997,3338
878,2343,6543
879,392,544
880,2520,2094
881,2287,962
882,405,1520
883,2249,4114
884,3434,2025
885,3924,267
886,2150,4150
887,2631,1087
888,874,1515
889,1887,7553
890,3366,5625
891,4146,277
892,2271,2315
893,5095,1390
894,3588,1544
895,764,2470
896,1997,4581
897,2015,7180
898,2914,154
899,4454,1351
900,1797,2750
901,2898,3531
902,1043,5948
903,1114,61
904,3817,3039
905,948,5652
906,4132,3527
907,4301,6979
908,310,5369
909,3777,5428
910,1750,4631
911,3073,6510
912,3681,4105
913,1570,194
914,247,364
915,4392,1482
916,224,2275
917,1412,1023
918,1275,3111
919,778,4491
920,1561,1905
921,3990,43
922,3904,6093
923,3286,1127
924,2240,6985
925,4992,4940
926,1392,1600
927,345,5618
928,2147,372
929,2009,627
930,151,2205
931,3215,890
932,3267,1630
933,1148,2462
934,3415,5730
935,4776,350
936,112,5446
937,1517,4608
938,341,4870
939,1885,4783
940,3021,1570
941,3411,3050
942,2397,125
943,5106,5723
944,3014,4212
945,1186,7510
946,1780,4235
947,1262,5298
948,123,455
949,3971,7788
950,290,929
951,4420,7386
952,582,5368
953,837,1673
954,3529,4480
955,3426,5918
956,2031,1845
957,1608,3214
958,819,6186
959,1768,174
960,3458,6289
961,663,3831
962,608,7318
963,852,6576
964,5028,7048
965,3594,2226
966,1161,333
967,1297,6512
968,1224,1246
969,3580,5444
970,1397,7378
971,2751,6661
972,2393,6630
973,2721,970
974,5001,5210
975,4324,1043
976,1624,6974
977,604,4645
978,4086,7437
979,4034,6679
980,1562,5979
981,3764,420
982,5041,1899
983,3699,3761
984,118,910
985,3741,6419
986,3181,2686
987,701,4790
988,4098,306
989,2692,1327
990,2597,2009
991,3696,6069
992,186,7560
993,1877,7538
994,1937,3540
995,3808,2916
996,3961,3478
997,2303,7007
998,1305,698
999,2201,1134
1000,3525,4852
1001,2157,4792
1002,1326,3056
1003,241,6125
1004,4820,3879
1005,1677,5719
1006,743,6404
1007,2809,5969
1008,760,4993
1009,3837,516
1010,1460,6288
1011,5105,1778
1012,3419,3439
1013,1593,6555
1014,4920,3782
1015,2608,132
1016,4746,3888
1017,2395,1432
1018,1384,2359
1019,4402,2792
1020,1915,1292
1021,4359,215
1022,1076,3351
1023,523,7311
1024,3082,697
1025,2746,984
1026,2109,1583
1027,3305,1693
1028,187,3414
1029,4389,3874
1030,3937,5515
1031,881,4230
1032,4122,4494
1033,4702,6579
1034,4866,2134
1035,66,2248
1036,3293,7775
1037,4987,5450
1038,1403,6944
1039,480,6799
1040,2329,1766
1041,569,3508
1042,4783,4935
1043,1931,7203
1044,1662,1835
1045,2889,1418
1046,934,2872
1047,3289,5082
1048,4740,4420
1049,2246,1542
1050,1782,6215
1051,3543,2443
1052,2662,6905
1053,4361,4179
1054,2669,6325
1055,149,3568
1056,2675,1731
1057,3345,2489
1058,5043,5903
1059,3174,4406
1060,477,1902
1061,2810,3893
1062,4386,7179
1063,2504,628
1064,4368,494
1065,3067,1004
1066,1675,6927
1067,4072,1559
1068,2118,4973
1069,4093,3912
1070,1474,4202
1071,1038,7627
